TransactionID,Date,Category,Region,Quantity,Price,CustomerAge
353,2025-01-15 16:00:00,Electronics,North,8,481.7770749662727,47.0
690,2025-01-29 17:00:00,Home & Kitchen,East,2,180.92206164504486,69.0
486,2025-01-21 05:00:00,Home & Kitchen,East,2,342.54827876955676,18.0
389,2025-01-17 04:00:00,Electronics,North,7,66.31716855918775,32.0
32,2025-01-02 07:00:00,Sports,West,10,402.0347746625882,25.0
443,2025-01-19 10:00:00,Home & Kitchen,North,1,153.8095233719796,63.0
199,2025-01-09 06:00:00,,North,12,277.26161600938366,33.0
426,2025-01-18 17:00:00,Clothing,South,12,486.0510185415148,47.0
108,2025-01-05 11:00:00,Sports,West,6,173.91053148354675,38.0
715,2025-01-30 18:00:00,,South,5,323.83326066616354,60.0
553,2025-01-24 00:00:00,Clothing,North,12,,64.0
676,2025-01-29 03:00:00,Books,West,3,372.8333046572244,35.0
159,2025-01-07 14:00:00,Electronics,West,5,,69.0
476,2025-01-20 19:00:00,Books,North,12,233.55588938821558,60.0
424,2025-01-18 15:00:00,Clothing,West,11,78.61180780112566,33.0
211,2025-01-09 18:00:00,Home & Kitchen,East,5,264.4990711569293,37.0
618,2025-01-26 17:00:00,Clothing,North,4,71.16219884375568,46.0
484,2025-01-21 03:00:00,Books,East,1,471.44559869327327,55.0
885,2025-02-06 20:00:00,Electronics,West,5,,32.0
651,2025-01-28 02:00:00,Clothing,North,4,442.8977338631697,45.0
245,2025-01-11 04:00:00,Home & Kitchen,South,7,165.21322176308806,22.0
848,2025-02-05 07:00:00,Home & Kitchen,East,13,18.600658049648167,65.0
983,2025-02-10 22:00:00,Sports,North,14,475.9550113062487,28.0
829,2025-02-04 12:00:00,Clothing,North,7,208.10197615488585,22.0
571,2025-01-24 18:00:00,Clothing,East,7,415.08660627332887,35.0
60,2025-01-03 11:00:00,Clothing,South,12,350.8528917834354,
291,2025-01-13 02:00:00,Home & Kitchen,North,14,95.14318063651446,
71,2025-01-03 22:00:00,Electronics,West,12,285.12744810016665,27.0
345,2025-01-15 08:00:00,Clothing,East,1,459.8575105775838,32.0
185,2025-01-08 16:00:00,Clothing,South,1,364.17900857215704,31.0
142,2025-01-06 21:00:00,Books,West,12,,
391,2025-01-17 06:00:00,Electronics,West,12,455.71714152393025,46.0
492,2025-01-21 11:00:00,Books,South,1,310.1609994889614,22.0
827,2025-02-04 10:00:00,Clothing,North,5,212.68491071013128,52.0
102,2025-01-05 05:00:00,,East,5,,64.0
750,2025-02-01 05:00:00,Home & Kitchen,East,9,421.27586125444117,20.0
552,2025-01-23 23:00:00,Clothing,North,2,247.93895283310493,46.0
307,2025-01-13 18:00:00,Electronics,West,5,71.86972336660634,56.0
987,2025-02-11 02:00:00,Books,West,12,132.99067779852714,60.0
322,2025-01-14 09:00:00,,South,13,26.262783735588847,47.0
800,2025-02-03 07:00:00,Home & Kitchen,South,5,241.41808403986104,30.0
731,2025-01-31 10:00:00,Books,South,13,403.93966870073496,56.0
678,2025-01-29 05:00:00,Home & Kitchen,West,4,379.17968190591483,65.0
654,2025-01-28 05:00:00,Books,South,6,317.030330435673,46.0
77,2025-01-04 04:00:00,Electronics,East,6,414.27421098823044,37.0
193,2025-01-09 00:00:00,Sports,East,5,473.3920920301383,66.0
87,2025-01-04 14:00:00,Electronics,South,4,82.25173808607913,53.0
459,2025-01-20 02:00:00,Clothing,South,10,,60.0
440,2025-01-19 07:00:00,Electronics,North,6,2192.7157275713776,
919,2025-02-08 06:00:00,Books,West,8,112.50087804988463,66.0
661,2025-01-28 12:00:00,Books,East,4,75.87321340997971,58.0
310,2025-01-13 21:00:00,Books,North,11,346.30032637618774,64.0
744,2025-01-31 23:00:00,Books,West,2,10.065999572197807,23.0
874,2025-02-06 09:00:00,Sports,East,1,471.934916356115,52.0
399,2025-01-17 14:00:00,Sports,West,6,222.95202082076878,58.0
617,2025-01-26 16:00:00,Sports,South,5,,51.0
50,2025-01-03 01:00:00,Sports,North,7,159.7460655902053,44.0
200,2025-01-09 07:00:00,,South,8,40.51382188212395,23.0
599,2025-01-25 22:00:00,Books,South,197,206.87161232061888,60.0
970,2025-02-10 09:00:00,Books,West,6,245.6361718354744,20.0
883,2025-02-06 18:00:00,Home & Kitchen,West,1,78.99344495741128,53.0
429,2025-01-18 20:00:00,Books,East,13,106.08787924181254,35.0
498,2025-01-21 17:00:00,Electronics,North,3,271.64406154840424,24.0
604,2025-01-26 03:00:00,Sports,South,7,314.1236351140462,36.0
11,2025-01-01 10:00:00,Sports,South,6,,43.0
889,2025-02-07 00:00:00,Clothing,North,9,321.61780651022696,33.0
671,2025-01-28 22:00:00,Home & Kitchen,South,236,415.94995673006736,20.0
938,2025-02-09 01:00:00,Electronics,North,9,490.77714001352433,42.0
929,2025-02-08 16:00:00,Electronics,North,2,497.461454043316,44.0
558,2025-01-24 05:00:00,Books,East,8,25.168337550478327,63.0
637,2025-01-27 12:00:00,Electronics,North,2,434.1328013560306,56.0
834,2025-02-04 17:00:00,Electronics,East,2,,42.0
372,2025-01-16 11:00:00,Sports,South,5,452.4185476440737,59.0
835,2025-02-04 18:00:00,Books,East,4,264.3258172634789,63.0
583,2025-01-25 06:00:00,Electronics,North,12,418.48848134941693,64.0
334,2025-01-14 21:00:00,Books,North,5,64.38483991460572,23.0
946,2025-02-09 09:00:00,Home & Kitchen,South,12,381.08200149587503,18.0
211,2025-01-09 18:00:00,Home & Kitchen,East,5,264.4990711569293,37.0
320,2025-01-14 07:00:00,Home & Kitchen,South,2,159.60223158139834,64.0
458,2025-01-20 01:00:00,Home & Kitchen,North,9,,19.0
89,2025-01-04 16:00:00,Sports,West,4,222.6694894251989,
880,2025-02-06 15:00:00,Home & Kitchen,South,3,189.18356664807195,67.0
351,2025-01-15 14:00:00,Clothing,South,11,404.40432065230493,53.0
219,2025-01-10 02:00:00,Electronics,South,5,388.2861133918953,54.0
414,2025-01-18 05:00:00,Sports,East,4,475.76021576723974,22.0
278,2025-01-12 13:00:00,Home & Kitchen,South,10,101.83185260781529,34.0
960,2025-02-09 23:00:00,Electronics,North,7,463.8350935315732,67.0
926,2025-02-08 13:00:00,Home & Kitchen,South,9,480.7072180014679,49.0
214,2025-01-09 21:00:00,Clothing,East,13,440.9951089262493,61.0
97,2025-01-05 00:00:00,,North,1,216.41154611409527,65.0
79,2025-01-04 06:00:00,Sports,South,7,47.75855677582227,68.0
704,2025-01-30 07:00:00,Sports,West,13,207.4079084899922,20.0
137,2025-01-06 16:00:00,Sports,South,6,43.789428014646376,34.0
209,2025-01-09 16:00:00,Sports,East,2,171.8053817870338,27.0
523,2025-01-22 18:00:00,Sports,North,7,221.18275805151515,53.0
838,2025-02-04 21:00:00,Clothing,East,8,389.25577529485366,24.0
733,2025-01-31 12:00:00,Sports,East,14,264.8832472322681,69.0
569,2025-01-24 16:00:00,,North,6,,23.0
261,2025-01-11 20:00:00,Clothing,South,7,257.55131905255274,24.0
468,2025-01-20 11:00:00,Home & Kitchen,East,10,321.8366713898694,35.0
40,2025-01-02 15:00:00,Clothing,East,6,281.57099192468814,63.0
31,2025-01-02 06:00:00,Home & Kitchen,South,6,206.73221477203126,46.0
698,2025-01-30 01:00:00,,North,4,47.66241688532012,37.0
452,2025-01-19 19:00:00,Sports,East,6,,45.0
55,2025-01-03 06:00:00,,East,13,,41.0
24,2025-01-01 23:00:00,Electronics,East,11,88.43510112774077,40.0
514,2025-01-22 09:00:00,Sports,West,2,339.7536449732719,38.0
114,2025-01-05 17:00:00,Home & Kitchen,West,6,156.3755310584988,27.0
110,2025-01-05 13:00:00,Home & Kitchen,South,10,21.85396430676407,66.0
507,2025-01-22 02:00:00,Sports,South,9,283.73477426070843,
967,2025-02-10 06:00:00,Electronics,West,10,56.74564588347321,37.0
950,2025-02-09 13:00:00,Electronics,North,6,131.19675475135085,39.0
4,2025-01-01 03:00:00,Books,West,8,492.48817236700904,21.0
276,2025-01-12 11:00:00,Home & Kitchen,North,2,48.909226475084466,46.0
657,2025-01-28 08:00:00,Electronics,West,11,243.65329947573036,58.0
785,2025-02-02 16:00:00,Books,East,7,186.4247282914794,49.0
855,2025-02-05 14:00:00,Sports,North,1,156.90225850696558,49.0
760,2025-02-01 15:00:00,Clothing,North,3,396.57691117024353,30.0
797,2025-02-03 04:00:00,Books,East,2,426.67052054874875,45.0
903,2025-02-07 14:00:00,Books,North,10,229.35997845110498,37.0
395,2025-01-17 10:00:00,Books,South,3,290.1684525036779,36.0
487,2025-01-21 06:00:00,Electronics,East,5,187.34079551055385,55.0
615,2025-01-26 14:00:00,Electronics,East,9,436.2848882273656,30.0
878,2025-02-06 13:00:00,Clothing,West,8,481.756491624071,31.0
175,2025-01-08 06:00:00,Sports,South,10,181.2581223225412,21.0
918,2025-02-08 05:00:00,Electronics,West,6,228.31540298352655,21.0
59,2025-01-03 10:00:00,Sports,East,3,212.18470201582562,20.0
266,2025-01-12 01:00:00,Electronics,North,6,320.9889238944313,36.0
64,2025-01-03 15:00:00,Clothing,East,3,399.1566923257713,40.0
790,2025-02-02 21:00:00,Electronics,North,7,112.35253476253023,55.0
262,2025-01-11 21:00:00,Home & Kitchen,North,8,483.8920414769935,32.0
101,2025-01-05 04:00:00,Sports,West,10,210.85339595118123,65.0
925,2025-02-08 12:00:00,Home & Kitchen,East,8,128.56879385535223,28.0
300,2025-01-13 11:00:00,Electronics,South,6,,19.0
616,2025-01-26 15:00:00,Home & Kitchen,West,14,74.01964847349683,18.0
179,2025-01-08 10:00:00,Books,East,1,132.97366405674603,60.0
934,2025-02-08 21:00:00,Home & Kitchen,West,4,224.1279839761542,61.0
779,2025-02-02 10:00:00,Home & Kitchen,West,2,354.2448457520554,67.0
140,2025-01-06 19:00:00,Books,East,14,138.23578503059392,19.0
804,2025-02-03 11:00:00,Books,West,10,307.79853990383407,39.0
169,2025-01-08 00:00:00,Electronics,West,10,330.5455547222965,20.0
67,2025-01-03 18:00:00,Clothing,North,8,245.67671604420065,48.0
257,2025-01-11 16:00:00,Electronics,North,8,311.496032284203,21.0
68,2025-01-03 19:00:00,Clothing,West,9,324.73950769356145,58.0
987,2025-02-11 02:00:00,Books,West,12,132.99067779852714,60.0
13,2025-01-01 12:00:00,Books,West,7,421.944483725488,36.0
532,2025-01-23 03:00:00,Clothing,North,7,220.9593758464817,38.0
320,2025-01-14 07:00:00,Home & Kitchen,South,2,159.60223158139834,64.0
985,2025-02-11 00:00:00,Home & Kitchen,North,7,184.98936805724637,61.0
867,2025-02-06 02:00:00,Sports,North,11,121.83532811191256,69.0
577,2025-01-25 00:00:00,,South,2,176.78968108470778,60.0
335,2025-01-14 22:00:00,Sports,North,1,229.05721646514846,58.0
287,2025-01-12 22:00:00,Sports,West,4,185.32115000946646,
912,2025-02-07 23:00:00,Home & Kitchen,South,3,405.4130905331569,22.0
324,2025-01-14 11:00:00,Electronics,South,7,330.0497673603287,39.0
891,2025-02-07 02:00:00,Clothing,North,11,340.32384481267087,38.0
537,2025-01-23 08:00:00,Home & Kitchen,East,5,22.46940235381793,52.0
693,2025-01-29 20:00:00,Sports,South,2,474.36713272259067,35.0
650,2025-01-28 01:00:00,Clothing,East,10,40.60422087334501,42.0
529,2025-01-23 00:00:00,Books,West,10,347.31845906114705,33.0
514,2025-01-22 09:00:00,Sports,West,2,339.7536449732719,38.0
586,2025-01-25 09:00:00,,West,5,137.0740996853763,51.0
3,2025-01-01 02:00:00,Home & Kitchen,West,1,277.0631902594998,46.0
446,2025-01-19 13:00:00,Sports,East,13,52.67545572992803,26.0
238,2025-01-10 21:00:00,Sports,North,2,400.9779382117881,29.0
496,2025-01-21 15:00:00,Electronics,North,6,452.20212057006245,38.0
782,2025-02-02 13:00:00,Electronics,West,14,393.09369303901843,43.0
328,2025-01-14 15:00:00,Books,North,1,396.33919819411636,44.0
548,2025-01-23 19:00:00,Clothing,South,4,494.13762341624,20.0
859,2025-02-05 18:00:00,Electronics,East,1,21.56153267630927,44.0
530,2025-01-23 01:00:00,Books,West,6,193.53091463985947,50.0
347,2025-01-15 10:00:00,Home & Kitchen,South,3,430.5874216315692,68.0
884,2025-02-06 19:00:00,Home & Kitchen,East,7,314.9826843673384,49.0
584,2025-01-25 07:00:00,Electronics,East,10,225.8162616530878,68.0
594,2025-01-25 17:00:00,Clothing,East,9,294.429124486911,36.0
588,2025-01-25 11:00:00,Electronics,West,13,38.24731527752219,59.0
309,2025-01-13 20:00:00,Books,West,9,169.3009675615325,46.0
60,2025-01-03 11:00:00,Clothing,South,12,350.8528917834354,
994,2025-02-11 09:00:00,Clothing,South,14,59.88380464527308,47.0
232,2025-01-10 15:00:00,Electronics,West,8,109.84556497256766,50.0
630,2025-01-27 05:00:00,Sports,East,13,150.0339422076764,30.0
602,2025-01-26 01:00:00,Sports,North,14,315.4689194981257,50.0
663,2025-01-28 14:00:00,Electronics,West,12,185.77060745433658,31.0
137,2025-01-06 16:00:00,Sports,South,6,43.789428014646376,34.0
916,2025-02-08 03:00:00,Books,South,5,,29.0
315,2025-01-14 02:00:00,Clothing,North,14,420.1501513690406,37.0
107,2025-01-05 10:00:00,Home & Kitchen,North,4,187.4953664096213,38.0
824,2025-02-04 07:00:00,Home & Kitchen,South,1,175.29931791685541,
56,2025-01-03 07:00:00,Electronics,West,7,444.2359324278865,41.0
121,2025-01-06 00:00:00,Clothing,North,5,403.2952217998981,27.0
371,2025-01-16 10:00:00,Clothing,South,12,33.58998962939319,63.0
26,2025-01-02 01:00:00,Home & Kitchen,North,11,14.572493715275716,37.0
73,2025-01-04 00:00:00,Books,East,3,305.70895663226287,24.0
550,2025-01-23 21:00:00,Clothing,South,1,347.25437553231615,39.0
45,2025-01-02 20:00:00,Clothing,North,9,109.21547448096634,54.0
297,2025-01-13 08:00:00,Books,East,12,180.49129167526164,42.0
329,2025-01-14 16:00:00,Clothing,East,8,335.8426027032377,27.0
248,2025-01-11 07:00:00,Electronics,North,4,145.6831988151264,65.0
337,2025-01-15 00:00:00,Electronics,West,10,433.6361686661083,19.0
352,2025-01-15 15:00:00,Clothing,South,3,18.823212244222702,51.0
362,2025-01-16 01:00:00,Sports,West,10,,66.0
738,2025-01-31 17:00:00,Sports,South,3,149.2943055344832,61.0
961,2025-02-10 00:00:00,Sports,North,9,,65.0
421,2025-01-18 12:00:00,Clothing,South,10,187.30801567051796,20.0
382,2025-01-16 21:00:00,Books,West,12,295.5753491909099,67.0
695,2025-01-29 22:00:00,Electronics,East,13,,30.0
540,2025-01-23 11:00:00,Sports,North,3,176.89604162483292,58.0
450,2025-01-19 17:00:00,Clothing,East,7,258.63184997172635,56.0
623,2025-01-26 22:00:00,Sports,South,7,82.91002500850666,66.0
210,2025-01-09 17:00:00,Sports,North,9,380.80823778743115,42.0
555,2025-01-24 02:00:00,Books,North,12,482.36852948767415,40.0
637,2025-01-27 12:00:00,Electronics,North,2,434.1328013560306,56.0
482,2025-01-21 01:00:00,Sports,South,4,49.28820690013269,20.0
433,2025-01-19 00:00:00,Sports,North,10,263.12058793852975,30.0
627,2025-01-27 02:00:00,Sports,West,6,433.1382860321271,43.0
61,2025-01-03 12:00:00,Clothing,South,2,11.576949166096554,
622,2025-01-26 21:00:00,Clothing,East,8,472.58062597444496,65.0
756,2025-02-01 11:00:00,Home & Kitchen,South,9,186.51462021220965,39.0
93,2025-01-04 20:00:00,Home & Kitchen,East,4,370.47492597720304,67.0
902,2025-02-07 13:00:00,Electronics,West,8,319.15167721229005,42.0
463,2025-01-20 06:00:00,Books,East,13,161.59263175276322,67.0
667,2025-01-28 18:00:00,Books,West,2,479.14952932866714,19.0
977,2025-02-10 16:00:00,Books,West,14,32.00653650785177,54.0
478,2025-01-20 21:00:00,Electronics,East,10,69.3022502377446,21.0
333,2025-01-14 20:00:00,Electronics,South,9,284.6159091804156,65.0
939,2025-02-09 02:00:00,Electronics,South,10,103.15274839402653,58.0
701,2025-01-30 04:00:00,Home & Kitchen,East,14,356.47237386068207,46.0
465,2025-01-20 08:00:00,Clothing,South,8,477.97965062764456,
356,2025-01-15 19:00:00,Home & Kitchen,South,10,,45.0
363,2025-01-16 02:00:00,Sports,East,8,128.5279758468311,26.0
313,2025-01-14 00:00:00,Clothing,East,13,429.3112568638353,44.0
319,2025-01-14 06:00:00,Clothing,West,6,261.20082904107596,
974,2025-02-10 13:00:00,Books,West,5,204.9399464960569,30.0
381,2025-01-16 20:00:00,Clothing,East,2,26.988430695976827,
183,2025-01-08 14:00:00,Electronics,East,11,66.23674721591655,31.0
717,2025-01-30 20:00:00,Clothing,East,4,305.71161706125554,66.0
111,2025-01-05 14:00:00,Electronics,East,3,417.531551401129,33.0
531,2025-01-23 02:00:00,Clothing,East,10,91.76149883238888,66.0
378,2025-01-16 17:00:00,Clothing,North,7,48.694889473506024,34.0
714,2025-01-30 17:00:00,Home & Kitchen,North,8,,47.0
873,2025-02-06 08:00:00,Electronics,North,8,479.3170024842199,65.0
940,2025-02-09 03:00:00,,South,7,398.3716069813078,27.0
732,2025-01-31 11:00:00,Books,West,11,280.72547402986567,49.0
293,2025-01-13 04:00:00,Electronics,North,5,414.7293242269601,24.0
437,2025-01-19 04:00:00,Clothing,South,4,27.99346762540236,55.0
836,2025-02-04 19:00:00,Sports,North,12,,57.0
308,2025-01-13 19:00:00,Sports,South,13,341.32700541696266,44.0
290,2025-01-13 01:00:00,Sports,South,3,174.25194321172765,
969,2025-02-10 08:00:00,Sports,South,2,,55.0
216,2025-01-09 23:00:00,Home & Kitchen,North,7,127.01014357695425,19.0
631,2025-01-27 06:00:00,Books,South,14,109.57931463218276,22.0
281,2025-01-12 16:00:00,Clothing,East,1,274.9889399429168,22.0
674,2025-01-29 01:00:00,Sports,North,14,371.55606409514974,47.0
451,2025-01-19 18:00:00,Home & Kitchen,North,6,438.36903709573613,66.0
299,2025-01-13 10:00:00,Sports,South,2,376.92490511202016,33.0
786,2025-02-02 17:00:00,Electronics,West,11,478.83190958730023,66.0
138,2025-01-06 17:00:00,Clothing,South,13,37.956813364114616,58.0
306,2025-01-13 17:00:00,Sports,East,9,320.7296477649111,60.0
808,2025-02-03 15:00:00,Home & Kitchen,West,7,371.912754484842,32.0
295,2025-01-13 06:00:00,Sports,South,10,127.53831525041292,27.0
600,2025-01-25 23:00:00,,North,4,496.9857105608521,
582,2025-01-25 05:00:00,Books,South,6,383.3318881763863,27.0
30,2025-01-02 05:00:00,Sports,South,10,58.597268797735794,62.0
166,2025-01-07 21:00:00,Clothing,North,13,368.1022728405576,62.0
249,2025-01-11 08:00:00,Sports,South,7,491.92552163045883,58.0
311,2025-01-13 22:00:00,Electronics,North,4,,55.0
686,2025-01-29 13:00:00,Electronics,South,3,48.04817398908648,57.0
844,2025-02-05 03:00:00,Electronics,West,6,387.37752376097706,25.0
343,2025-01-15 06:00:00,Home & Kitchen,East,9,30.592090833988593,42.0
606,2025-01-26 05:00:00,Home & Kitchen,West,3,203.61749419951613,27.0
527,2025-01-22 22:00:00,Books,North,3,304.52634173211413,59.0
66,2025-01-03 17:00:00,Sports,East,5,298.21911080471136,22.0
632,2025-01-27 07:00:00,Electronics,North,4,383.2811137750716,43.0
892,2025-02-07 03:00:00,,West,1,137.3534398289881,27.0
255,2025-01-11 14:00:00,Electronics,West,12,84.5310987789137,64.0
719,2025-01-30 22:00:00,,South,4,327.4305485353589,45.0
771,2025-02-02 02:00:00,Books,East,12,354.88997490082227,27.0
222,2025-01-10 05:00:00,Electronics,North,5,237.32637463804306,31.0
236,2025-01-10 19:00:00,Clothing,West,2,293.02074928176717,22.0
430,2025-01-18 21:00:00,Sports,East,7,309.28223482712644,55.0
544,2025-01-23 15:00:00,Sports,North,11,341.7891134701546,34.0
441,2025-01-19 08:00:00,Electronics,East,7,290.30383525095743,25.0
589,2025-01-25 12:00:00,Sports,West,9,177.79950962900955,45.0
973,2025-02-10 12:00:00,Books,South,4,151.55362006549117,47.0
250,2025-01-11 09:00:00,Home & Kitchen,South,14,78.94864874389162,36.0
579,2025-01-25 02:00:00,Clothing,East,14,85.53107115745868,59.0
410,2025-01-18 01:00:00,Sports,West,12,61.07015337609036,69.0
72,2025-01-03 23:00:00,Books,East,10,284.72344626392373,57.0
95,2025-01-04 22:00:00,Electronics,West,8,467.2255323583433,54.0
34,2025-01-02 09:00:00,Electronics,East,9,281.99162515812026,65.0
645,2025-01-27 20:00:00,Books,East,11,63.53946305171449,46.0
260,2025-01-11 19:00:00,Clothing,North,1,403.7657323663522,37.0
205,2025-01-09 12:00:00,Sports,East,13,395.27631769817623,36.0
799,2025-02-03 06:00:00,Home & Kitchen,South,11,332.103206263363,63.0
621,2025-01-26 20:00:00,Books,South,2,439.77438469891257,30.0
366,2025-01-16 05:00:00,Books,East,12,157.61997777240018,18.0
78,2025-01-04 05:00:00,Sports,West,1,254.1452843090923,20.0
85,2025-01-04 12:00:00,Electronics,East,13,263.4618376563886,55.0
995,2025-02-11 10:00:00,Books,South,8,257.91937479011654,34.0
83,2025-01-04 10:00:00,Books,North,5,356.7636580230487,
526,2025-01-22 21:00:00,Sports,West,14,191.8744874844375,66.0
440,2025-01-19 07:00:00,Electronics,North,6,2192.7157275713776,
568,2025-01-24 15:00:00,Books,North,6,3765.0970676529696,54.0
561,2025-01-24 08:00:00,Electronics,North,2,21.442527200811096,65.0
543,2025-01-23 14:00:00,Clothing,East,1,162.49657258106285,40.0
888,2025-02-06 23:00:00,Books,North,8,407.45064726740077,20.0
332,2025-01-14 19:00:00,Clothing,East,7,338.6588328338587,
6,2025-01-01 05:00:00,Clothing,North,13,31.15513054053572,28.0
480,2025-01-20 23:00:00,,East,2,378.0772434261249,32.0
105,2025-01-05 08:00:00,Electronics,North,2,298.00698682247713,33.0
98,2025-01-05 01:00:00,Clothing,West,3,321.72690870703406,44.0
833,2025-02-04 16:00:00,,East,4,237.4066281322169,23.0
788,2025-02-02 19:00:00,Sports,West,6,222.03727664965527,64.0
425,2025-01-18 16:00:00,Home & Kitchen,North,7,145.63901081773983,35.0
935,2025-02-08 22:00:00,Books,North,14,300.8448583356051,22.0
282,2025-01-12 17:00:00,Books,South,12,358.0189713254226,45.0
267,2025-01-12 02:00:00,Sports,East,2,91.31789869493466,46.0
535,2025-01-23 06:00:00,Home & Kitchen,North,4,,68.0
454,2025-01-19 21:00:00,Books,West,6,496.4802511095445,54.0
360,2025-01-15 23:00:00,Books,East,3,354.8061289557899,21.0
491,2025-01-21 10:00:00,Electronics,North,2,457.510604312356,46.0
992,2025-02-11 07:00:00,Home & Kitchen,South,14,103.88054341006463,57.0
817,2025-02-04 00:00:00,Electronics,East,5,38.465056519371394,29.0
119,2025-01-05 22:00:00,Electronics,North,2,422.54744772798625,28.0
635,2025-01-27 10:00:00,Electronics,East,2,251.23948520057914,24.0
251,2025-01-11 10:00:00,Electronics,West,341,108.98767751722008,39.0
406,2025-01-17 21:00:00,Books,North,4,299.9316095300995,66.0
718,2025-01-30 21:00:00,Clothing,East,9,185.32890121563895,26.0
705,2025-01-30 08:00:00,Electronics,North,4,154.6923420834922,31.0
10,2025-01-01 09:00:00,Books,East,9,410.71481162990307,29.0
860,2025-02-05 19:00:00,Home & Kitchen,West,10,450.29469629067125,52.0
197,2025-01-09 04:00:00,Home & Kitchen,North,1,211.76511537640917,22.0
653,2025-01-28 04:00:00,Home & Kitchen,West,7,260.1119196120738,18.0
82,2025-01-04 09:00:00,Electronics,North,14,394.5995187846191,21.0
448,2025-01-19 15:00:00,Electronics,East,11,65.78081280353469,60.0
534,2025-01-23 05:00:00,Books,South,14,446.1475472400661,23.0
669,2025-01-28 20:00:00,Clothing,North,3,498.9322192841693,62.0
240,2025-01-10 23:00:00,Books,North,9,458.39413351945115,23.0
412,2025-01-18 03:00:00,Clothing,West,8,248.95686362441955,50.0
212,2025-01-09 19:00:00,Sports,West,4,,48.0
774,2025-02-02 05:00:00,Clothing,East,4,359.39256481081617,32.0
546,2025-01-23 17:00:00,Books,West,9,188.6509268167946,40.0
520,2025-01-22 15:00:00,Home & Kitchen,North,9,412.9869630974564,49.0
228,2025-01-10 11:00:00,Clothing,East,10,412.83054869411046,35.0
923,2025-02-08 10:00:00,Books,North,1,398.6400082584023,
405,2025-01-17 20:00:00,Sports,South,5,319.34070101507444,56.0
890,2025-02-07 01:00:00,Sports,North,7,200.20119600222782,22.0
178,2025-01-08 09:00:00,Electronics,North,9,120.4052956761052,36.0
627,2025-01-27 02:00:00,Sports,West,6,433.1382860321271,43.0
466,2025-01-20 09:00:00,Clothing,East,8,412.387158449611,32.0
431,2025-01-18 22:00:00,Clothing,South,8,,36.0
533,2025-01-23 04:00:00,Clothing,South,13,79.87113060013527,26.0
696,2025-01-29 23:00:00,Clothing,North,6,266.0625336750051,62.0
479,2025-01-20 22:00:00,Books,North,9,215.28441719186296,45.0
689,2025-01-29 16:00:00,Electronics,South,4,42.34482362871837,45.0
8,2025-01-01 07:00:00,Home & Kitchen,North,11,74.54709899273533,38.0
156,2025-01-07 11:00:00,Electronics,North,12,180.19822986683292,23.0
358,2025-01-15 21:00:00,Books,East,14,437.6493813874027,66.0
585,2025-01-25 08:00:00,Home & Kitchen,West,4,158.14329218223193,53.0
224,2025-01-10 07:00:00,Sports,East,1,273.96388099682997,67.0
330,2025-01-14 17:00:00,Clothing,North,14,137.54056020734146,26.0
634,2025-01-27 09:00:00,Home & Kitchen,North,7,260.5249764783681,20.0
823,2025-02-04 06:00:00,Clothing,South,3,195.75608384924874,39.0
869,2025-02-06 04:00:00,Clothing,West,2,247.1977641579988,38.0
612,2025-01-26 11:00:00,Electronics,East,8,,67.0
97,2025-01-05 00:00:00,,North,1,216.41154611409527,65.0
747,2025-02-01 02:00:00,Home & Kitchen,West,2,145.32308333224074,33.0
679,2025-01-29 06:00:00,Books,North,14,386.7721632327441,19.0
810,2025-02-03 17:00:00,Books,West,1,325.96797597093376,49.0
495,2025-01-21 14:00:00,Books,South,1,69.07362403780823,45.0
573,2025-01-24 20:00:00,Home & Kitchen,South,2,151.3186645311854,
629,2025-01-27 04:00:00,Sports,West,2,193.9116548806049,24.0
763,2025-02-01 18:00:00,Books,South,1,455.87214048865206,25.0
959,2025-02-09 22:00:00,,West,2,184.94437854530597,37.0
164,2025-01-07 19:00:00,Electronics,West,8,215.2087263463391,65.0
229,2025-01-10 12:00:00,Home & Kitchen,East,4,196.40580367870555,69.0
524,2025-01-22 19:00:00,Home & Kitchen,South,8,166.24474097735802,63.0
787,2025-02-02 18:00:00,Clothing,North,12,4255.383762101769,55.0
213,2025-01-09 20:00:00,Home & Kitchen,North,10,440.1367382945,21.0
826,2025-02-04 09:00:00,Books,South,11,70.94051551025001,49.0
80,2025-01-04 07:00:00,Sports,North,12,38.689955329549804,39.0
149,2025-01-07 04:00:00,Clothing,West,2,248.9098848999583,56.0
303,2025-01-13 14:00:00,Electronics,North,9,422.30930101153234,55.0
449,2025-01-19 16:00:00,Electronics,North,13,179.15933997282912,42.0
502,2025-01-21 21:00:00,Electronics,South,10,154.56994675053656,37.0
549,2025-01-23 20:00:00,Electronics,West,13,232.4607943860963,47.0
842,2025-02-05 01:00:00,Books,East,4,71.51960523370016,35.0
44,2025-01-02 19:00:00,Clothing,East,13,375.4095535383037,52.0
494,2025-01-21 13:00:00,Electronics,North,5,364.746797178386,27.0
134,2025-01-06 13:00:00,,South,7,378.1737921542324,42.0
595,2025-01-25 18:00:00,Sports,North,7,,32.0
312,2025-01-13 23:00:00,Home & Kitchen,North,2,95.6919042162201,37.0
508,2025-01-22 03:00:00,Sports,East,14,178.15200305460255,21.0
656,2025-01-28 07:00:00,Electronics,East,6,19.366886270584374,33.0
517,2025-01-22 12:00:00,Clothing,East,6,,42.0
850,2025-02-05 09:00:00,Home & Kitchen,South,9,388.83951822014905,37.0
812,2025-02-03 19:00:00,Clothing,North,5,359.47137280848267,23.0
1,2025-01-01 00:00:00,Sports,West,7,331.519300463725,62.0
783,2025-02-02 14:00:00,Electronics,South,13,325.6331185231988,40.0
383,2025-01-16 22:00:00,Electronics,South,11,497.76438293374184,52.0
317,2025-01-14 04:00:00,Home & Kitchen,South,6,325.0121359287667,36.0
762,2025-02-01 17:00:00,Home & Kitchen,West,12,222.57053559249948,33.0
592,2025-01-25 15:00:00,Electronics,South,14,283.27732486252154,56.0
409,2025-01-18 00:00:00,Books,East,13,261.0582509974374,49.0
942,2025-02-09 05:00:00,,South,2,472.4137804819082,36.0
412,2025-01-18 03:00:00,Clothing,West,8,248.95686362441955,50.0
751,2025-02-01 06:00:00,Sports,North,7,11.871762102705723,38.0
173,2025-01-08 04:00:00,Clothing,North,10,486.28261151945316,
126,2025-01-06 05:00:00,Sports,East,4,366.69026041714494,69.0
697,2025-01-30 00:00:00,Sports,North,1,156.7871821973982,32.0
500,2025-01-21 19:00:00,Electronics,West,7,15.736239258142993,62.0
597,2025-01-25 20:00:00,Books,South,1,316.8548174963213,41.0
972,2025-02-10 11:00:00,Books,North,14,,43.0
91,2025-01-04 18:00:00,Home & Kitchen,North,12,118.09985682849351,30.0
812,2025-02-03 19:00:00,Clothing,North,5,359.47137280848267,23.0
182,2025-01-08 13:00:00,Home & Kitchen,West,8,266.46154657343953,57.0
364,2025-01-16 03:00:00,Books,North,2,16.077977775884246,53.0
275,2025-01-12 10:00:00,Home & Kitchen,South,2,446.22644597872306,43.0
753,2025-02-01 08:00:00,,North,9,3778.088199928633,53.0
963,2025-02-10 02:00:00,Clothing,North,8,118.81717663972708,60.0
70,2025-01-03 21:00:00,Sports,East,3,294.1920558397843,54.0
292,2025-01-13 03:00:00,Electronics,North,5,358.8868699620826,29.0
132,2025-01-06 11:00:00,Books,South,14,309.01032324404423,66.0
301,2025-01-13 12:00:00,Books,North,9,314.2549980644313,41.0
713,2025-01-30 16:00:00,Clothing,North,2,243.4541233084579,
327,2025-01-14 14:00:00,Home & Kitchen,East,11,385.3717405022983,32.0
145,2025-01-07 00:00:00,Sports,North,8,,23.0
522,2025-01-22 17:00:00,Electronics,North,11,,22.0
964,2025-02-10 03:00:00,Books,South,11,167.61829493317882,
887,2025-02-06 22:00:00,Clothing,South,13,82.01172769822274,52.0
136,2025-01-06 15:00:00,Home & Kitchen,North,5,478.7411643308944,53.0
997,2025-02-11 12:00:00,Electronics,South,8,29.07568202957705,69.0
723,2025-01-31 02:00:00,Clothing,East,12,230.1813735994246,65.0
165,2025-01-07 20:00:00,Home & Kitchen,North,4,137.47731757140508,64.0
29,2025-01-02 04:00:00,Sports,North,6,495.9868761611881,
680,2025-01-29 07:00:00,Books,North,9,332.6848526783269,49.0
194,2025-01-09 01:00:00,Clothing,West,12,426.48793202552434,57.0
903,2025-02-07 14:00:00,Books,North,10,229.35997845110498,37.0
814,2025-02-03 21:00:00,Electronics,North,2,446.20535129172544,37.0
434,2025-01-19 01:00:00,Home & Kitchen,South,13,12.697841588606202,63.0
988,2025-02-11 03:00:00,Sports,South,9,286.3962741284237,39.0
170,2025-01-08 01:00:00,Sports,East,3,107.06784005227266,43.0
542,2025-01-23 13:00:00,Clothing,North,8,210.71815849866368,59.0
141,2025-01-06 20:00:00,Electronics,East,6,131.01961154527993,57.0
174,2025-01-08 05:00:00,,West,13,308.1783636212686,49.0
7,2025-01-01 06:00:00,,West,3,90.75925970742419,68.0
821,2025-02-04 04:00:00,Electronics,South,4,419.38531061367524,18.0
536,2025-01-23 07:00:00,Books,East,8,85.68527613942865,62.0
962,2025-02-10 01:00:00,Clothing,West,9,320.83820754712673,50.0
856,2025-02-05 15:00:00,Sports,East,2,326.7647834025859,27.0
74,2025-01-04 01:00:00,Clothing,South,3,341.4692892409175,56.0
738,2025-01-31 17:00:00,Sports,South,3,149.2943055344832,61.0
528,2025-01-22 23:00:00,Electronics,West,4,355.73707269547407,56.0
239,2025-01-10 22:00:00,Books,South,13,204.0255316046029,34.0
146,2025-01-07 01:00:00,Sports,East,7,230.37252280076459,18.0
853,2025-02-05 12:00:00,Sports,West,9,192.15225450410185,48.0
235,2025-01-10 18:00:00,Electronics,South,14,398.49866532658126,28.0
221,2025-01-10 04:00:00,Clothing,East,11,41.9502497176411,24.0
215,2025-01-09 22:00:00,Home & Kitchen,West,1,436.58342827254336,40.0
712,2025-01-30 15:00:00,Books,North,5,167.53289361146216,49.0
133,2025-01-06 12:00:00,,South,2,76.3235003160659,18.0
602,2025-01-26 01:00:00,Sports,North,14,315.4689194981257,50.0
907,2025-02-07 18:00:00,Books,East,4,128.5277141153157,41.0
708,2025-01-30 11:00:00,Home & Kitchen,West,9,2637.9928595340284,69.0
423,2025-01-18 14:00:00,Clothing,South,14,32.367885296168026,28.0
186,2025-01-08 17:00:00,Sports,East,9,43.157497331000776,51.0
42,2025-01-02 17:00:00,Electronics,East,7,382.88547241376597,21.0
768,2025-02-01 23:00:00,Books,North,1,251.96887982389504,47.0
109,2025-01-05 12:00:00,Home & Kitchen,North,7,22.83638718071175,25.0
636,2025-01-27 11:00:00,Electronics,North,13,,66.0
57,2025-01-03 08:00:00,Sports,North,5,300.5917237515242,59.0
483,2025-01-21 02:00:00,Clothing,East,10,183.83793299963227,31.0
754,2025-02-01 09:00:00,Home & Kitchen,West,3,164.97237336736032,59.0
794,2025-02-03 01:00:00,Clothing,South,5,386.10813797377995,47.0
469,2025-01-20 12:00:00,Electronics,North,11,35.056336906629355,51.0
927,2025-02-08 14:00:00,Clothing,South,9,106.4935951821799,28.0
436,2025-01-19 03:00:00,Sports,West,8,117.34371645991031,27.0
25,2025-01-02 00:00:00,Electronics,East,7,236.16316246569704,59.0
550,2025-01-23 21:00:00,Clothing,South,1,347.25437553231615,39.0
519,2025-01-22 14:00:00,Books,West,7,401.20636685399273,63.0
838,2025-02-04 21:00:00,Clothing,East,8,389.25577529485366,24.0
668,2025-01-28 19:00:00,Electronics,East,13,14.34300970559976,58.0
175,2025-01-08 06:00:00,Sports,South,10,181.2581223225412,21.0
998,2025-02-11 13:00:00,Electronics,East,14,27.649220962798932,33.0
339,2025-01-15 02:00:00,,West,5,196.39626899550072,21.0
52,2025-01-03 03:00:00,,South,4,498.2038254373512,53.0
384,2025-01-16 23:00:00,Sports,North,11,429.2910859803943,69.0
862,2025-02-05 21:00:00,Clothing,East,10,392.3843005497804,32.0
990,2025-02-11 05:00:00,Clothing,East,5,331.7492261168593,25.0
683,2025-01-29 10:00:00,Clothing,West,2,310.66601597635463,23.0
996,2025-02-11 11:00:00,Clothing,South,14,118.21786365187437,37.0
265,2025-01-12 00:00:00,Sports,North,5,337.2807994137773,40.0
709,2025-01-30 12:00:00,Electronics,North,6,465.3217462796084,28.0
766,2025-02-01 21:00:00,Sports,East,7,53.751867017530735,62.0
737,2025-01-31 16:00:00,Electronics,East,3,253.3807571807938,36.0
445,2025-01-19 12:00:00,Books,South,8,204.53737020622393,34.0
396,2025-01-17 11:00:00,Books,West,4,263.54871235997024,45.0
559,2025-01-24 06:00:00,Electronics,North,6,200.11351237396605,69.0
177,2025-01-08 08:00:00,Home & Kitchen,East,14,84.11094608011793,66.0
19,2025-01-01 18:00:00,Electronics,North,2,286.8607765009179,57.0
980,2025-02-10 19:00:00,Home & Kitchen,North,5,202.30451125244522,19.0
539,2025-01-23 10:00:00,Clothing,North,4,4574.991295342774,39.0
614,2025-01-26 13:00:00,Home & Kitchen,North,1,271.3594480950277,68.0
591,2025-01-25 14:00:00,Electronics,East,10,483.5445190745396,31.0
368,2025-01-16 07:00:00,Home & Kitchen,East,13,155.64652577722242,53.0
84,2025-01-04 11:00:00,Books,North,10,396.42133268947913,29.0
62,2025-01-03 13:00:00,Sports,East,6,313.59877535532195,40.0
515,2025-01-22 10:00:00,Sports,East,3,144.93677538515507,69.0
273,2025-01-12 08:00:00,Electronics,West,10,268.4258148401114,58.0
286,2025-01-12 21:00:00,Books,South,14,235.03994661487482,43.0
361,2025-01-16 00:00:00,Sports,East,5,274.94225355600605,24.0
355,2025-01-15 18:00:00,Clothing,North,14,159.32803673920532,62.0
952,2025-02-09 15:00:00,Home & Kitchen,West,5,336.6342347328434,67.0
279,2025-01-12 14:00:00,Home & Kitchen,East,8,430.50675604701036,19.0
369,2025-01-16 08:00:00,,South,10,156.9603646384225,26.0
665,2025-01-28 16:00:00,Home & Kitchen,East,10,146.592337483131,36.0
619,2025-01-26 18:00:00,Sports,North,6,399.16322464920864,65.0
590,2025-01-25 13:00:00,Electronics,North,7,142.4213691440838,28.0
658,2025-01-28 09:00:00,Clothing,North,6,346.9838007909747,68.0
762,2025-02-01 17:00:00,Home & Kitchen,West,12,222.57053559249948,33.0
457,2025-01-20 00:00:00,Books,East,10,203.34227704284675,38.0
394,2025-01-17 09:00:00,Electronics,South,11,440.699661138311,43.0
685,2025-01-29 12:00:00,,West,2,248.9376267369333,64.0
724,2025-01-31 03:00:00,Sports,North,13,297.0737463422244,42.0
376,2025-01-16 15:00:00,Home & Kitchen,West,4,447.2282240884296,65.0
413,2025-01-18 04:00:00,Books,West,10,329.5898871772815,63.0
75,2025-01-04 02:00:00,Books,West,13,404.44460984357715,55.0
948,2025-02-09 11:00:00,Sports,East,8,243.6810521693053,57.0
501,2025-01-21 20:00:00,Sports,South,11,216.7967874625431,64.0
605,2025-01-26 04:00:00,,East,12,108.64293283299229,20.0
115,2025-01-05 18:00:00,Electronics,East,13,470.93283010651686,
418,2025-01-18 09:00:00,Clothing,North,1,320.7109753744023,57.0
90,2025-01-04 17:00:00,Home & Kitchen,South,12,53.414210543012445,22.0
991,2025-02-11 06:00:00,Clothing,South,13,,46.0
933,2025-02-08 20:00:00,Clothing,East,14,137.17547375628425,38.0
875,2025-02-06 10:00:00,Electronics,West,1,394.7428761427201,39.0
661,2025-01-28 12:00:00,Books,East,4,75.87321340997971,58.0
12,2025-01-01 11:00:00,Home & Kitchen,North,9,257.8678195463962,68.0
397,2025-01-17 12:00:00,,East,5,220.9094310572852,34.0
576,2025-01-24 23:00:00,Books,East,3,198.90083332109194,34.0
43,2025-01-02 18:00:00,Sports,North,12,27.302563920717144,32.0
168,2025-01-07 23:00:00,Home & Kitchen,East,11,135.69973059768142,34.0
417,2025-01-18 08:00:00,Clothing,North,2,258.0703691526494,51.0
968,2025-02-10 07:00:00,Books,South,9,220.06399028335247,47.0
427,2025-01-18 18:00:00,Electronics,North,10,172.36003348049488,65.0
545,2025-01-23 16:00:00,Electronics,South,6,306.8318322318183,29.0
949,2025-02-09 12:00:00,Books,North,2,361.98227593228194,29.0
347,2025-01-15 10:00:00,Home & Kitchen,South,3,430.5874216315692,68.0
905,2025-02-07 16:00:00,Sports,West,4,479.3877193178175,36.0
662,2025-01-28 13:00:00,Clothing,South,10,156.7038383021238,24.0
258,2025-01-11 17:00:00,Books,South,2,50.89740164479781,50.0
336,2025-01-14 23:00:00,Clothing,East,12,235.5755528889439,53.0
16,2025-01-01 15:00:00,Clothing,North,12,299.2703683247987,64.0
679,2025-01-29 06:00:00,Books,North,14,386.7721632327441,19.0
325,2025-01-14 12:00:00,Electronics,West,3,469.7693610397565,20.0
818,2025-02-04 01:00:00,Electronics,West,2,64.64098403742543,50.0
223,2025-01-10 06:00:00,Home & Kitchen,West,1,455.5179008721645,20.0
180,2025-01-08 11:00:00,Electronics,East,5,,69.0
100,2025-01-05 03:00:00,Electronics,South,4,67.98473355245979,31.0
522,2025-01-22 17:00:00,Electronics,North,11,,22.0
23,2025-01-01 22:00:00,Sports,South,14,382.9495531511474,21.0
357,2025-01-15 20:00:00,Sports,West,2,147.94538722331566,18.0
721,2025-01-31 00:00:00,,East,12,445.44294933004534,51.0
928,2025-02-08 15:00:00,Sports,North,2,476.20060707729783,35.0
758,2025-02-01 13:00:00,Clothing,West,14,422.9288320586719,29.0
341,2025-01-15 04:00:00,Electronics,North,12,64.25309072989468,36.0
432,2025-01-18 23:00:00,Electronics,North,1,111.42636343482913,53.0
596,2025-01-25 19:00:00,Books,South,12,227.58143710907942,45.0
899,2025-02-07 10:00:00,Electronics,East,5,40.47958082070435,19.0
204,2025-01-09 11:00:00,Electronics,South,11,35.45872300159152,52.0
761,2025-02-01 16:00:00,Home & Kitchen,East,7,447.01735095726,28.0
94,2025-01-04 21:00:00,Home & Kitchen,North,12,499.1902805825453,47.0
603,2025-01-26 02:00:00,Books,North,13,288.99490697931856,50.0
69,2025-01-03 20:00:00,Sports,East,11,41.77826129665449,23.0
954,2025-02-09 17:00:00,,North,2,286.8918031018506,34.0
285,2025-01-12 20:00:00,Electronics,North,9,412.6020798781311,35.0
866,2025-02-06 01:00:00,Books,East,12,42.19048088763923,52.0
435,2025-01-19 02:00:00,Sports,East,10,13.75537599812041,20.0
154,2025-01-07 09:00:00,Electronics,South,9,270.8861343148564,26.0
76,2025-01-04 03:00:00,Clothing,North,13,142.21215286282504,38.0
789,2025-02-02 20:00:00,,South,14,234.27280652805405,20.0
581,2025-01-25 04:00:00,Sports,North,8,275.43535808090195,31.0
447,2025-01-19 14:00:00,Home & Kitchen,South,10,312.3625928977226,23.0
189,2025-01-08 20:00:00,Electronics,South,12,50.045419415921344,46.0
272,2025-01-12 07:00:00,Electronics,South,11,284.2802849828075,27.0
237,2025-01-10 20:00:00,Electronics,South,9,320.94538459964883,44.0
488,2025-01-21 07:00:00,Home & Kitchen,West,1,300.8937876921838,55.0
560,2025-01-24 07:00:00,Sports,East,8,88.41221886696508,64.0
118,2025-01-05 21:00:00,Home & Kitchen,South,13,437.6378227374549,34.0
881,2025-02-06 16:00:00,Sports,East,5,,66.0
513,2025-01-22 08:00:00,Electronics,West,5,220.66622792117258,42.0
598,2025-01-25 21:00:00,Books,East,12,249.55993757830117,25.0
644,2025-01-27 19:00:00,Home & Kitchen,West,1,108.23251260891736,32.0
127,2025-01-06 06:00:00,Books,South,14,253.26596465409688,64.0
117,2025-01-05 20:00:00,Clothing,West,3,220.53183824207818,26.0
474,2025-01-20 17:00:00,Books,West,3,66.09894265229352,39.0
622,2025-01-26 21:00:00,Clothing,East,8,472.58062597444496,65.0
58,2025-01-03 09:00:00,Clothing,South,7,201.84759210713636,21.0
729,2025-01-31 08:00:00,Home & Kitchen,East,12,359.836789928229,65.0
981,2025-02-10 20:00:00,Home & Kitchen,North,3,379.5898369400411,53.0
370,2025-01-16 09:00:00,Books,North,9,374.16466737848566,62.0
269,2025-01-12 04:00:00,Books,South,7,219.46994708110142,46.0
47,2025-01-02 22:00:00,Clothing,North,3,190.29096813802138,20.0
350,2025-01-15 13:00:00,Books,West,10,379.4413327624241,39.0
196,2025-01-09 03:00:00,Home & Kitchen,West,1,236.52482489029754,18.0
103,2025-01-05 06:00:00,Sports,North,2,198.07814644719156,53.0
900,2025-02-07 11:00:00,Home & Kitchen,North,4,82.17849169669547,27.0
746,2025-02-01 01:00:00,Home & Kitchen,South,11,32.95743517852553,34.0
894,2025-02-07 05:00:00,Sports,East,3,459.5680631346752,42.0
264,2025-01-11 23:00:00,Electronics,South,6,492.21405632788395,31.0
444,2025-01-19 11:00:00,Home & Kitchen,South,12,466.55932252208004,59.0
793,2025-02-03 00:00:00,Sports,North,6,35.653959891861476,18.0
305,2025-01-13 16:00:00,Home & Kitchen,South,13,489.7614196274257,43.0
342,2025-01-15 05:00:00,Sports,East,13,217.04872987285287,43.0
937,2025-02-09 00:00:00,Electronics,West,9,314.9481996624506,58.0
314,2025-01-14 01:00:00,Electronics,South,6,,58.0
150,2025-01-07 05:00:00,Sports,South,7,26.47066408980849,34.0
125,2025-01-06 04:00:00,Electronics,West,8,49.49474174099108,65.0
847,2025-02-05 06:00:00,Sports,East,10,140.13558814971697,55.0
886,2025-02-06 21:00:00,Clothing,West,8,293.3662157159767,60.0
51,2025-01-03 02:00:00,,North,14,439.5588732958183,57.0
354,2025-01-15 17:00:00,,West,14,366.0687861144584,42.0
999,2025-02-11 14:00:00,Sports,South,7,95.8586683318554,63.0
143,2025-01-06 22:00:00,Sports,North,13,132.277637926258,49.0
471,2025-01-20 14:00:00,Clothing,East,4,39.167103170408126,28.0
400,2025-01-17 15:00:00,Clothing,East,3,389.20103130777665,59.0
930,2025-02-08 17:00:00,Books,South,3,358.7441748155639,35.0
321,2025-01-14 08:00:00,Clothing,South,2,114.1957444218371,
20,2025-01-01 19:00:00,Sports,South,12,347.55379800454443,22.0
908,2025-02-07 19:00:00,Home & Kitchen,West,3,255.2957498658067,28.0
851,2025-02-05 10:00:00,Home & Kitchen,West,1,263.8006585791637,29.0
895,2025-02-07 06:00:00,Electronics,South,8,152.347207778996,21.0
408,2025-01-17 23:00:00,Sports,North,11,126.34239950365507,64.0
538,2025-01-23 09:00:00,Home & Kitchen,West,1,326.45296928037726,56.0
694,2025-01-29 21:00:00,Electronics,West,9,45.43507287638992,19.0
39,2025-01-02 14:00:00,Electronics,East,2,394.05797439784465,45.0
176,2025-01-08 07:00:00,,North,12,65.90693459508735,35.0
246,2025-01-11 05:00:00,Home & Kitchen,West,12,430.017835929389,50.0
893,2025-02-07 04:00:00,Clothing,East,13,,36.0
722,2025-01-31 01:00:00,Home & Kitchen,North,12,256.5111358821198,32.0
944,2025-02-09 07:00:00,Home & Kitchen,East,5,265.51522297352125,24.0
925,2025-02-08 12:00:00,Home & Kitchen,East,8,128.56879385535223,28.0
155,2025-01-07 10:00:00,Home & Kitchen,West,9,211.4368452743462,30.0
639,2025-01-27 14:00:00,Sports,South,5,,66.0
288,2025-01-12 23:00:00,Books,North,1,,58.0
626,2025-01-27 01:00:00,Clothing,North,12,246.86964362684185,41.0
742,2025-01-31 21:00:00,Books,North,10,376.836164721838,26.0
570,2025-01-24 17:00:00,Home & Kitchen,North,2,305.4420094749361,61.0
802,2025-02-03 09:00:00,Home & Kitchen,East,6,,53.0
18,2025-01-01 17:00:00,Books,East,8,155.79874114622208,43.0
128,2025-01-06 07:00:00,Sports,North,7,224.05684428143798,42.0
323,2025-01-14 10:00:00,Clothing,West,9,158.93373660795467,51.0
256,2025-01-11 15:00:00,Home & Kitchen,West,7,225.758475000491,56.0
791,2025-02-02 22:00:00,,South,5,190.66651372374966,20.0
500,2025-01-21 19:00:00,Electronics,West,7,15.736239258142993,62.0
191,2025-01-08 22:00:00,Clothing,West,11,247.50118069372303,23.0
116,2025-01-05 19:00:00,Books,South,12,137.05541184422913,51.0
666,2025-01-28 17:00:00,Electronics,South,6,113.24543229492956,36.0
607,2025-01-26 06:00:00,Sports,South,8,29.335171116540664,57.0
181,2025-01-08 12:00:00,Electronics,North,4,284.9991662584372,52.0
302,2025-01-13 13:00:00,Books,East,1,182.66372383873065,27.0
830,2025-02-04 13:00:00,Electronics,East,5,270.159462421926,63.0
901,2025-02-07 12:00:00,Home & Kitchen,West,5,13.842379478239241,60.0
781,2025-02-02 12:00:00,Clothing,West,4,61.62881190291967,68.0
740,2025-01-31 19:00:00,Books,South,3,318.4832714769509,24.0
716,2025-01-30 19:00:00,Sports,West,2,489.70074643565636,
518,2025-01-22 13:00:00,Books,South,13,228.74556303677525,62.0
373,2025-01-16 12:00:00,Clothing,North,2,427.6092984516789,49.0
46,2025-01-02 21:00:00,Electronics,North,13,479.4560052584963,18.0
978,2025-02-10 17:00:00,Clothing,North,1,382.8938825127421,66.0
158,2025-01-07 13:00:00,Books,East,3,20.693464419989855,37.0
803,2025-02-03 10:00:00,Sports,North,5,,
172,2025-01-08 03:00:00,Electronics,East,14,237.32691847728475,53.0
17,2025-01-01 16:00:00,Sports,South,8,259.0966679889772,24.0
512,2025-01-22 07:00:00,Sports,South,7,,40.0
49,2025-01-03 00:00:00,Clothing,West,3,82.9551446628979,41.0
192,2025-01-08 23:00:00,Books,South,5,91.22952468000511,50.0
906,2025-02-07 17:00:00,Clothing,South,11,269.53326473335375,40.0
516,2025-01-22 11:00:00,Home & Kitchen,East,10,160.0936144013242,41.0
735,2025-01-31 14:00:00,Electronics,South,12,389.9196136975364,52.0
741,2025-01-31 20:00:00,Clothing,South,2,36.62269706322287,45.0
481,2025-01-21 00:00:00,Electronics,West,3,44.793755621295176,18.0
284,2025-01-12 19:00:00,Sports,West,8,240.87227047707918,22.0
775,2025-02-02 06:00:00,Clothing,South,4,336.52885265332117,33.0
707,2025-01-30 10:00:00,Books,East,3,147.69220446526967,21.0
226,2025-01-10 09:00:00,Electronics,East,14,61.68211297874899,36.0
27,2025-01-02 02:00:00,Home & Kitchen,South,4,130.87264361559528,32.0
843,2025-02-05 02:00:00,,South,13,18.304355795894686,19.0
438,2025-01-19 05:00:00,Home & Kitchen,West,4,62.93261952403878,18.0
372,2025-01-16 11:00:00,Sports,South,5,452.4185476440737,59.0
365,2025-01-16 04:00:00,Sports,South,6,,36.0
230,2025-01-10 13:00:00,Sports,East,5,390.04980695341044,33.0
38,2025-01-02 13:00:00,Books,South,11,184.1384386560123,63.0
670,2025-01-28 21:00:00,,West,14,341.64243644012384,32.0
371,2025-01-16 10:00:00,Clothing,South,12,33.58998962939319,63.0
375,2025-01-16 14:00:00,Electronics,North,12,300.6785693526183,23.0
470,2025-01-20 13:00:00,Sports,South,5,136.2275379635237,39.0
199,2025-01-09 06:00:00,,North,12,277.26161600938366,33.0
688,2025-01-29 15:00:00,Electronics,East,14,209.48217967155753,32.0
917,2025-02-08 04:00:00,Home & Kitchen,West,14,91.2173921118764,67.0
759,2025-02-01 14:00:00,Books,West,14,163.54047961672015,59.0
784,2025-02-02 15:00:00,Home & Kitchen,West,3,33.61114607271515,35.0
195,2025-01-09 02:00:00,Sports,West,5,337.82094529126306,36.0
921,2025-02-08 08:00:00,Home & Kitchen,South,6,423.38833538539365,37.0
931,2025-02-08 18:00:00,Clothing,West,1,490.76042857799274,40.0
504,2025-01-21 23:00:00,Home & Kitchen,East,14,,52.0
688,2025-01-29 15:00:00,Electronics,East,14,209.48217967155753,32.0
896,2025-02-07 07:00:00,Books,South,3,240.29425139738893,46.0
580,2025-01-25 03:00:00,Sports,South,4,281.3186278254255,68.0
161,2025-01-07 16:00:00,Home & Kitchen,South,1,284.48240989630256,34.0
681,2025-01-29 08:00:00,Books,North,5,385.3968070698372,25.0
163,2025-01-07 18:00:00,Books,North,12,,
706,2025-01-30 09:00:00,Sports,East,3,,57.0
757,2025-02-01 12:00:00,Books,West,12,142.4927103284175,59.0
153,2025-01-07 08:00:00,Electronics,South,11,78.23023184762162,46.0
801,2025-02-03 08:00:00,Home & Kitchen,West,6,,44.0
755,2025-02-01 10:00:00,Home & Kitchen,East,5,59.92727015234663,54.0
815,2025-02-03 22:00:00,Clothing,South,13,150.83070226813408,54.0
112,2025-01-05 15:00:00,Home & Kitchen,East,3,143.80469688667807,48.0
227,2025-01-10 10:00:00,Clothing,South,12,331.82225131490407,68.0
884,2025-02-06 19:00:00,Home & Kitchen,East,7,314.9826843673384,49.0
104,2025-01-05 07:00:00,Clothing,West,4,290.2174129013214,
422,2025-01-18 13:00:00,Sports,West,9,241.52174395319165,50.0
420,2025-01-18 11:00:00,Sports,North,4,134.65187461250503,67.0
809,2025-02-03 16:00:00,,North,5,164.6573984440415,21.0
587,2025-01-25 10:00:00,Sports,East,13,105.36567998538725,26.0
77,2025-01-04 04:00:00,Electronics,East,6,414.27421098823044,37.0
673,2025-01-29 00:00:00,Books,South,14,17.01448605685939,63.0
120,2025-01-05 23:00:00,Clothing,North,8,,49.0
54,2025-01-03 05:00:00,Books,East,8,229.81920916772586,46.0
152,2025-01-07 07:00:00,Electronics,East,1,454.15435213876134,58.0
404,2025-01-17 19:00:00,Books,North,4,307.47389357218947,57.0
281,2025-01-12 16:00:00,Clothing,East,1,274.9889399429168,22.0
208,2025-01-09 15:00:00,Home & Kitchen,North,14,90.70611318182499,60.0
659,2025-01-28 10:00:00,Electronics,North,12,364.1264092721319,61.0
910,2025-02-07 21:00:00,Clothing,East,3,47.35721680704659,51.0
979,2025-02-10 18:00:00,Home & Kitchen,South,8,192.1447925371482,55.0
9,2025-01-01 08:00:00,Home & Kitchen,West,6,365.7301558927948,52.0
870,2025-02-06 05:00:00,Sports,South,8,376.2477592323801,68.0
37,2025-01-02 12:00:00,,East,14,102.13211996155391,56.0
453,2025-01-19 20:00:00,Books,West,5,354.1067953555155,50.0
652,2025-01-28 03:00:00,Clothing,South,2,229.67633713101688,26.0
254,2025-01-11 13:00:00,Home & Kitchen,East,10,330.60335063923134,47.0
304,2025-01-13 15:00:00,Books,East,9,240.93071202510063,39.0
911,2025-02-07 22:00:00,Sports,North,12,144.60486937346707,45.0
572,2025-01-24 19:00:00,Clothing,West,12,492.1664499731275,47.0
624,2025-01-26 23:00:00,Sports,South,1,236.71104648204283,46.0
765,2025-02-01 20:00:00,Clothing,South,4,482.398424080153,57.0
993,2025-02-11 08:00:00,Sports,East,5,459.9371524709642,43.0
263,2025-01-11 22:00:00,Books,West,13,214.70287984479884,
611,2025-01-26 10:00:00,Electronics,East,8,482.37413511110174,46.0
298,2025-01-13 09:00:00,Home & Kitchen,North,2,230.6719796636522,52.0
415,2025-01-18 06:00:00,Electronics,West,14,304.31902260869435,60.0
151,2025-01-07 06:00:00,Electronics,South,6,40.700069693123716,51.0
849,2025-02-05 08:00:00,Electronics,North,1,153.7212192824767,44.0
641,2025-01-27 16:00:00,,South,11,384.61861938081165,60.0
957,2025-02-09 20:00:00,Books,South,1,15.930527220292639,31.0
551,2025-01-23 22:00:00,Home & Kitchen,South,12,78.87095411339678,26.0
852,2025-02-05 11:00:00,Books,West,8,180.56684065246117,60.0
489,2025-01-21 08:00:00,Sports,North,3,14.964280173594256,38.0
711,2025-01-30 14:00:00,Books,East,13,453.9943910449236,60.0
148,2025-01-07 03:00:00,Home & Kitchen,East,4,42.02941720654877,40.0
147,2025-01-07 02:00:00,Sports,East,9,390.5881729080388,64.0
778,2025-02-02 09:00:00,Books,South,7,,19.0
741,2025-01-31 20:00:00,Clothing,South,2,36.62269706322287,45.0
854,2025-02-05 13:00:00,Clothing,North,9,10.663276600579396,44.0
951,2025-02-09 14:00:00,Sports,North,13,323.9014399389548,39.0
660,2025-01-28 11:00:00,Home & Kitchen,East,5,349.3408914531829,68.0
349,2025-01-15 12:00:00,Clothing,East,6,456.27737920551846,38.0
464,2025-01-20 07:00:00,Clothing,East,10,413.6572882684344,60.0
326,2025-01-14 13:00:00,Electronics,South,13,,23.0
187,2025-01-08 18:00:00,Books,West,6,356.83919764258667,21.0
124,2025-01-06 03:00:00,Home & Kitchen,West,10,,21.0
920,2025-02-08 07:00:00,Sports,North,10,34.48972404324258,59.0
609,2025-01-26 08:00:00,Clothing,North,5,,59.0
144,2025-01-06 23:00:00,Sports,West,14,143.25536580302918,56.0
752,2025-02-01 07:00:00,Sports,North,3,130.9436959089321,43.0
948,2025-02-09 11:00:00,Sports,East,8,243.6810521693053,57.0
198,2025-01-09 05:00:00,Electronics,South,8,,44.0
610,2025-01-26 09:00:00,Electronics,South,4,121.5973706905727,18.0
280,2025-01-12 15:00:00,Home & Kitchen,North,8,411.3411217922115,
294,2025-01-13 05:00:00,Sports,South,9,59.31236447653133,20.0
897,2025-02-07 08:00:00,Electronics,West,8,446.16915732404715,36.0
401,2025-01-17 16:00:00,Home & Kitchen,East,2,304.94248119741445,67.0
123,2025-01-06 02:00:00,Books,South,3,246.65474732182406,34.0
184,2025-01-08 15:00:00,Clothing,West,12,431.46844974122314,50.0
203,2025-01-09 10:00:00,Electronics,West,12,235.02754002250944,65.0
439,2025-01-19 06:00:00,Sports,East,4,176.04171817598828,44.0
247,2025-01-11 06:00:00,Sports,West,6,454.01019483522555,67.0
416,2025-01-18 07:00:00,Books,East,2,374.3610189265143,65.0
837,2025-02-04 20:00:00,Clothing,North,2,2291.0546547112685,46.0
825,2025-02-04 08:00:00,Electronics,South,12,19.470539149624507,38.0
975,2025-02-10 14:00:00,,West,12,460.5702020814644,30.0
828,2025-02-04 11:00:00,Sports,West,4,251.50364637924883,32.0
955,2025-02-09 18:00:00,Electronics,West,11,388.0971863795178,46.0
130,2025-01-06 09:00:00,Books,East,12,385.1013205056438,54.0
638,2025-01-27 13:00:00,Books,West,9,490.5622783558804,18.0
403,2025-01-17 18:00:00,Electronics,North,13,227.25620704580197,62.0
845,2025-02-05 04:00:00,Books,South,10,405.50621330879244,28.0
831,2025-02-04 14:00:00,Sports,North,10,,67.0
736,2025-01-31 15:00:00,Clothing,East,7,142.99059641889005,54.0
982,2025-02-10 21:00:00,Sports,North,10,,43.0
220,2025-01-10 03:00:00,Electronics,North,5,23.312036400524313,25.0
642,2025-01-27 17:00:00,Books,East,9,291.0291862132309,42.0
984,2025-02-10 23:00:00,Clothing,South,7,292.79006715877716,25.0
811,2025-02-03 18:00:00,Sports,East,13,203.6141447296366,40.0
868,2025-02-06 03:00:00,Books,South,7,130.83578113923207,28.0
989,2025-02-11 04:00:00,Home & Kitchen,South,2,185.70344614718786,
625,2025-01-27 00:00:00,,South,5,490.6838152997157,
904,2025-02-07 15:00:00,Sports,West,14,75.79467694211502,65.0
820,2025-02-04 03:00:00,Sports,East,13,141.12041159670602,25.0
387,2025-01-17 02:00:00,Clothing,East,7,417.3730220489978,45.0
902,2025-02-07 13:00:00,Electronics,West,8,319.15167721229005,42.0
807,2025-02-03 14:00:00,Home & Kitchen,East,8,329.30348263386554,32.0
510,2025-01-22 05:00:00,Electronics,North,2,329.62290781005044,44.0
268,2025-01-12 03:00:00,Electronics,North,1,442.14460156927555,37.0
882,2025-02-06 17:00:00,Books,West,12,105.95821122579231,49.0
442,2025-01-19 09:00:00,Books,South,6,261.20718571864404,68.0
497,2025-01-21 16:00:00,Home & Kitchen,West,5,42.55748373432969,67.0
113,2025-01-05 16:00:00,Books,East,10,263.85859545701953,59.0
692,2025-01-29 19:00:00,Books,West,9,406.03525290451887,62.0
233,2025-01-10 16:00:00,Sports,North,11,266.43151928542324,66.0
936,2025-02-08 23:00:00,Electronics,North,9,45.80996539323735,40.0
608,2025-01-26 07:00:00,Electronics,North,6,243.01755836854505,64.0
672,2025-01-28 23:00:00,Electronics,South,10,154.36350420963464,28.0
374,2025-01-16 13:00:00,Home & Kitchen,North,5,337.2242947809392,49.0
664,2025-01-28 15:00:00,Home & Kitchen,West,1,404.17423176295745,46.0
909,2025-02-07 20:00:00,,South,7,343.01396304020284,63.0
234,2025-01-10 17:00:00,Sports,North,11,150.69759946144202,29.0
939,2025-02-09 02:00:00,Electronics,South,10,103.15274839402653,58.0
846,2025-02-05 05:00:00,Books,East,5,68.90154226908236,50.0
677,2025-01-29 04:00:00,Books,North,7,79.99664077741092,68.0
318,2025-01-14 05:00:00,Clothing,North,3,350.1337810198172,37.0
649,2025-01-28 00:00:00,Electronics,North,7,447.6142005457533,33.0
411,2025-01-18 02:00:00,Clothing,South,3,198.41055054595816,64.0
966,2025-02-10 05:00:00,Clothing,East,12,367.14210671227397,57.0
710,2025-01-30 13:00:00,Electronics,North,9,208.50032031850753,48.0
359,2025-01-15 22:00:00,Electronics,West,9,65.16439130184914,62.0
259,2025-01-11 18:00:00,Clothing,East,5,442.384020519596,30.0
745,2025-02-01 00:00:00,Home & Kitchen,East,14,260.4532782262426,46.0
628,2025-01-27 03:00:00,Clothing,East,4,298.4784458443467,34.0
633,2025-01-27 08:00:00,Sports,West,1,199.40484834328365,66.0
283,2025-01-12 18:00:00,Electronics,South,11,164.0315554600367,58.0
377,2025-01-16 16:00:00,Sports,North,11,100.81178796907008,55.0
385,2025-01-17 00:00:00,Books,East,13,,38.0
225,2025-01-10 08:00:00,Electronics,South,3,253.9281289368022,33.0
102,2025-01-05 05:00:00,,East,5,,64.0
877,2025-02-06 12:00:00,Electronics,North,7,276.7963430721288,48.0
473,2025-01-20 16:00:00,Clothing,East,8,346.42905761137735,
348,2025-01-15 11:00:00,Electronics,East,12,153.18693292632992,65.0
506,2025-01-22 01:00:00,Electronics,South,13,70.27161461063537,22.0
640,2025-01-27 15:00:00,Books,North,2,415.4842718320885,34.0
278,2025-01-12 13:00:00,Home & Kitchen,South,10,101.83185260781529,34.0
798,2025-02-03 05:00:00,,South,14,113.87708680234245,38.0
1000,2025-02-11 15:00:00,Home & Kitchen,South,7,434.71747370794014,60.0
974,2025-02-10 13:00:00,Books,West,5,204.9399464960569,30.0
620,2025-01-26 19:00:00,Sports,East,6,,64.0
953,2025-02-09 16:00:00,Sports,South,12,89.72287446619728,64.0
865,2025-02-06 00:00:00,Home & Kitchen,East,5,158.4287071282644,66.0
646,2025-01-27 21:00:00,Clothing,East,3,428.44136380815684,60.0
913,2025-02-08 00:00:00,Home & Kitchen,South,11,235.23578649730402,22.0
557,2025-01-24 04:00:00,Home & Kitchen,South,5,29.108046161706678,49.0
682,2025-01-29 09:00:00,Books,South,3,424.5015054420887,39.0
578,2025-01-25 01:00:00,Sports,West,7,275.2897276003167,49.0
796,2025-02-03 03:00:00,Clothing,West,7,412.8681445400474,49.0
86,2025-01-04 13:00:00,Electronics,East,8,225.6975089981904,68.0
243,2025-01-11 02:00:00,Electronics,West,475,350.9905679027132,
699,2025-01-30 02:00:00,Clothing,South,14,255.30589135450472,46.0
941,2025-02-09 04:00:00,Clothing,West,14,454.87040895201346,39.0
160,2025-01-07 15:00:00,Home & Kitchen,West,5,482.0632727646397,20.0
525,2025-01-22 20:00:00,Books,North,12,,59.0
36,2025-01-02 11:00:00,Books,North,10,311.83287062748775,65.0
541,2025-01-23 12:00:00,Electronics,South,9,45.13882553534899,22.0
171,2025-01-08 02:00:00,Electronics,East,6,287.01182474008885,32.0
655,2025-01-28 06:00:00,Books,North,3,463.92747729774254,39.0
971,2025-02-10 10:00:00,Sports,West,4,334.59266573352335,45.0
924,2025-02-08 11:00:00,Books,West,8,428.35461163528686,31.0
914,2025-02-08 01:00:00,Electronics,East,10,277.8227995958245,68.0
900,2025-02-07 11:00:00,Home & Kitchen,North,4,82.17849169669547,27.0
734,2025-01-31 13:00:00,Clothing,North,2,,34.0
96,2025-01-04 23:00:00,Home & Kitchen,North,2,324.85694777224387,42.0
564,2025-01-24 11:00:00,Sports,West,12,4475.1059574284,34.0
241,2025-01-11 00:00:00,Home & Kitchen,West,7,271.1841449506086,50.0
743,2025-01-31 22:00:00,Clothing,North,9,,45.0
864,2025-02-05 23:00:00,Clothing,North,8,205.02259354770638,30.0
575,2025-01-24 22:00:00,Books,West,1,200.84612850218596,47.0
691,2025-01-29 18:00:00,Books,West,10,64.38906840774428,
461,2025-01-20 04:00:00,Electronics,South,10,359.87599578875967,57.0
554,2025-01-24 01:00:00,Books,West,5,257.67300777612047,54.0
858,2025-02-05 17:00:00,Sports,North,13,425.05980522211075,62.0
945,2025-02-09 08:00:00,Home & Kitchen,East,4,,21.0
207,2025-01-09 14:00:00,Books,East,2,136.724209095139,33.0
393,2025-01-17 08:00:00,Books,South,4,416.3505316652102,44.0
795,2025-02-03 02:00:00,Sports,South,14,214.0871716329007,62.0
871,2025-02-06 06:00:00,Home & Kitchen,East,11,242.16681591499383,28.0
398,2025-01-17 13:00:00,Home & Kitchen,North,13,,60.0
767,2025-02-01 22:00:00,Clothing,South,8,346.63944058658893,
915,2025-02-08 02:00:00,Sports,North,5,222.07984108263994,38.0
218,2025-01-10 01:00:00,Sports,South,6,492.64493150902877,68.0
5,2025-01-01 04:00:00,Books,West,11,,22.0
769,2025-02-02 00:00:00,Books,West,5,199.94791467326706,47.0
643,2025-01-27 18:00:00,Books,North,9,478.4631003698472,20.0
965,2025-02-10 04:00:00,Home & Kitchen,West,14,425.54062390472717,29.0
613,2025-01-26 12:00:00,Books,North,12,363.85018537339386,51.0
739,2025-01-31 18:00:00,Sports,West,5,75.57589786984964,46.0
547,2025-01-23 18:00:00,Books,South,7,116.76735158494515,33.0
726,2025-01-31 05:00:00,Electronics,North,4,45.17014505099139,25.0
986,2025-02-11 01:00:00,Home & Kitchen,North,1,,57.0
684,2025-01-29 11:00:00,Clothing,North,11,53.41630984514274,29.0
99,2025-01-05 02:00:00,Clothing,South,9,394.96929285931367,68.0
805,2025-02-03 12:00:00,Clothing,West,7,154.69772401019807,27.0
728,2025-01-31 07:00:00,Clothing,East,13,128.5465233546095,54.0
574,2025-01-24 21:00:00,Home & Kitchen,East,6,480.95638784972056,50.0
407,2025-01-17 22:00:00,Electronics,East,14,354.290548811903,40.0
503,2025-01-21 22:00:00,Books,East,9,248.14024196082548,36.0
48,2025-01-02 23:00:00,Books,South,10,170.19649200565877,64.0
33,2025-01-02 08:00:00,Sports,South,3,109.97746096816043,58.0
780,2025-02-02 11:00:00,Electronics,West,5,156.04558223332714,29.0
840,2025-02-04 23:00:00,Home & Kitchen,West,9,265.4350633505281,30.0
201,2025-01-09 08:00:00,Clothing,East,12,261.12629789746256,57.0
135,2025-01-06 14:00:00,Home & Kitchen,West,5,331.90802657089836,68.0
28,2025-01-02 03:00:00,Clothing,North,4,365.9662404053724,67.0
947,2025-02-09 10:00:00,Clothing,West,11,89.21900375611133,32.0
231,2025-01-10 14:00:00,Clothing,West,2,482.5935604113977,25.0
490,2025-01-21 09:00:00,Clothing,West,12,321.6870627406757,65.0
773,2025-02-02 04:00:00,Sports,West,13,91.80701348612737,28.0
379,2025-01-16 18:00:00,Clothing,North,6,127.35998325567367,27.0
289,2025-01-13 00:00:00,Home & Kitchen,South,1,415.842133694237,66.0
419,2025-01-18 10:00:00,Books,East,13,44.75678590554898,28.0
675,2025-01-29 02:00:00,Electronics,West,6,418.7308525303311,57.0
392,2025-01-17 07:00:00,Books,East,9,337.90812883965845,26.0
593,2025-01-25 16:00:00,Books,North,14,180.1657491249487,64.0
499,2025-01-21 18:00:00,Electronics,South,12,79.64719065879426,20.0
139,2025-01-06 18:00:00,Clothing,South,9,,41.0
63,2025-01-03 14:00:00,Books,South,2,184.1915751162651,69.0
472,2025-01-20 15:00:00,Books,West,2,305.8597719452,30.0
648,2025-01-27 23:00:00,Books,North,14,425.01473856145964,43.0
129,2025-01-06 08:00:00,Books,South,10,367.4590320396744,38.0
329,2025-01-14 16:00:00,Clothing,East,8,335.8426027032377,27.0
521,2025-01-22 16:00:00,Sports,South,1,430.20554545402905,49.0
839,2025-02-04 22:00:00,Home & Kitchen,West,3,388.7315261192964,57.0
140,2025-01-06 19:00:00,Books,East,14,138.23578503059392,19.0
65,2025-01-03 16:00:00,Clothing,South,6,55.56541351333476,62.0
813,2025-02-03 20:00:00,Electronics,East,10,,41.0
15,2025-01-01 14:00:00,Sports,South,2,275.69623069100567,24.0
157,2025-01-07 12:00:00,Sports,East,2,450.91833938676353,23.0
41,2025-01-02 16:00:00,Sports,West,12,12.562510636027241,44.0
493,2025-01-21 12:00:00,Sports,North,7,438.11231079850904,66.0
380,2025-01-16 19:00:00,Books,North,14,,67.0
188,2025-01-08 19:00:00,Electronics,West,4,276.3337264978966,41.0
764,2025-02-01 19:00:00,,East,4,194.8858464419645,57.0
217,2025-01-10 00:00:00,Sports,West,3,231.10727864868417,39.0
922,2025-02-08 09:00:00,Books,West,12,490.78433929041677,55.0
792,2025-02-02 23:00:00,Books,South,13,191.20849543371654,47.0
53,2025-01-03 04:00:00,Sports,North,13,190.4716699483557,51.0
879,2025-02-06 14:00:00,Books,West,13,47.04646990220788,41.0
338,2025-01-15 01:00:00,Sports,East,7,277.85762789201635,46.0
749,2025-02-01 04:00:00,Electronics,South,8,40.71791459471427,48.0
720,2025-01-30 23:00:00,Clothing,West,13,70.23113244803992,48.0
725,2025-01-31 04:00:00,Electronics,South,14,316.1440927668072,53.0
296,2025-01-13 07:00:00,Books,West,14,79.56627498288701,51.0
702,2025-01-30 05:00:00,Home & Kitchen,West,6,34.61074561734715,20.0
252,2025-01-11 11:00:00,Sports,East,4,,22.0
727,2025-01-31 06:00:00,Sports,East,2,344.4824383994672,26.0
462,2025-01-20 05:00:00,Clothing,West,9,307.87355490444486,
456,2025-01-19 23:00:00,,East,9,144.61844750456456,35.0
271,2025-01-12 06:00:00,Home & Kitchen,East,10,16.17768478812193,35.0
816,2025-02-03 23:00:00,Sports,East,5,190.21513400051492,37.0
863,2025-02-05 22:00:00,Home & Kitchen,North,186,234.41792191175003,33.0
270,2025-01-12 05:00:00,Sports,South,7,89.49436883341488,41.0
528,2025-01-22 23:00:00,Electronics,West,4,355.73707269547407,56.0
202,2025-01-09 09:00:00,Home & Kitchen,East,6,405.13777244409135,30.0
162,2025-01-07 17:00:00,Electronics,East,8,469.043006396215,66.0
556,2025-01-24 03:00:00,Books,North,11,198.26128936304212,30.0
730,2025-01-31 09:00:00,Electronics,South,6,413.0420492482564,62.0
402,2025-01-17 17:00:00,Books,North,14,447.33641207787457,37.0
703,2025-01-30 06:00:00,Clothing,West,14,45.72189933027272,36.0
477,2025-01-20 20:00:00,Sports,South,7,190.83598066284912,41.0
822,2025-02-04 05:00:00,Sports,East,1,17.199760440927385,54.0
772,2025-02-02 03:00:00,Electronics,West,4,12.138002128651452,
106,2025-01-05 09:00:00,Books,East,2,100.39336403548329,39.0
566,2025-01-24 13:00:00,Sports,East,10,66.90809049825755,
390,2025-01-17 05:00:00,Clothing,West,5,55.990069563444536,21.0
2,2025-01-01 01:00:00,Books,West,12,96.94009704015636,58.0
860,2025-02-05 19:00:00,Home & Kitchen,West,10,450.29469629067125,52.0
975,2025-02-10 14:00:00,,West,12,460.5702020814644,30.0
562,2025-01-24 09:00:00,Electronics,North,3,380.54467083558666,40.0
932,2025-02-08 19:00:00,,West,4,289.0744919878808,28.0
81,2025-01-04 08:00:00,Books,West,1,173.7767761610698,64.0
206,2025-01-09 13:00:00,Home & Kitchen,South,4,108.66825324662744,29.0
35,2025-01-02 10:00:00,Home & Kitchen,North,12,369.20493505454067,36.0
943,2025-02-09 06:00:00,Home & Kitchen,South,10,480.46644615866916,
776,2025-02-02 07:00:00,Electronics,North,12,483.36327751305186,34.0
509,2025-01-22 04:00:00,Books,East,9,4352.81389792015,29.0
428,2025-01-18 19:00:00,Books,West,7,246.20011847492043,27.0
455,2025-01-19 22:00:00,Sports,South,12,74.42966875001099,26.0
585,2025-01-25 08:00:00,Home & Kitchen,West,4,158.14329218223193,53.0
367,2025-01-16 06:00:00,Sports,North,5,303.1951673059018,27.0
92,2025-01-04 19:00:00,Electronics,North,14,303.130394091232,40.0
340,2025-01-15 03:00:00,Sports,West,3,488.6321609702231,18.0
898,2025-02-07 09:00:00,Electronics,East,1,356.78346163108847,60.0
565,2025-01-24 12:00:00,Sports,West,13,451.0407596780756,57.0
346,2025-01-15 09:00:00,Clothing,South,1,147.21829147973983,39.0
777,2025-02-02 08:00:00,Clothing,North,6,,43.0
242,2025-01-11 01:00:00,Electronics,East,8,3390.8662230303494,22.0
14,2025-01-01 13:00:00,Clothing,East,9,369.0727569354628,62.0
316,2025-01-14 03:00:00,Clothing,North,4,146.8452833426611,61.0
601,2025-01-26 00:00:00,Home & Kitchen,South,3,441.35423345297426,64.0
388,2025-01-17 03:00:00,Clothing,South,11,303.4994690068332,64.0
274,2025-01-12 09:00:00,,South,14,362.4832749608877,25.0
167,2025-01-07 22:00:00,Sports,East,7,,18.0
841,2025-02-05 00:00:00,Books,South,13,488.24677340681467,55.0
21,2025-01-01 20:00:00,Clothing,West,14,437.9282287717958,38.0
647,2025-01-27 22:00:00,Home & Kitchen,West,4,225.18341015053667,49.0
819,2025-02-04 02:00:00,Books,East,5,262.77233232904075,45.0
485,2025-01-21 04:00:00,Electronics,West,7,337.60059689422786,67.0
313,2025-01-14 00:00:00,Clothing,East,13,429.3112568638353,44.0
505,2025-01-22 00:00:00,Home & Kitchen,South,13,31.432145431384207,21.0
832,2025-02-04 15:00:00,Home & Kitchen,North,14,14.862672352639459,65.0
244,2025-01-11 03:00:00,Home & Kitchen,South,2,398.69806171474465,31.0
567,2025-01-24 14:00:00,Home & Kitchen,South,3,478.4002261881064,19.0
876,2025-02-06 11:00:00,Sports,North,12,495.7506717664681,55.0
563,2025-01-24 10:00:00,Books,West,6,234.67627435212643,62.0
236,2025-01-10 19:00:00,Clothing,West,2,293.02074928176717,22.0
687,2025-01-29 14:00:00,Books,North,2,209.6960852058911,53.0
958,2025-02-09 21:00:00,Books,East,8,14.428849848853167,67.0
190,2025-01-08 21:00:00,Home & Kitchen,West,9,234.56731434904165,36.0
976,2025-02-10 15:00:00,Sports,South,3,496.6949575572524,19.0
700,2025-01-30 03:00:00,Clothing,West,1,399.31261680046686,59.0
511,2025-01-22 06:00:00,Home & Kitchen,North,3,424.34613786505435,59.0
475,2025-01-20 18:00:00,Home & Kitchen,West,4,198.08105269203995,24.0
857,2025-02-05 16:00:00,Home & Kitchen,West,12,487.355277470015,20.0
748,2025-02-01 03:00:00,Home & Kitchen,North,13,356.41847885330094,40.0
253,2025-01-11 12:00:00,Sports,South,2,448.0549579038565,19.0
22,2025-01-01 21:00:00,Books,North,4,321.7827634498316,31.0
460,2025-01-20 03:00:00,Home & Kitchen,East,8,454.72939125271193,55.0
277,2025-01-12 12:00:00,Books,North,1,368.43328026677756,27.0
956,2025-02-09 19:00:00,Electronics,East,10,254.45887562261154,63.0
386,2025-01-17 01:00:00,Electronics,East,5,,42.0
806,2025-02-03 13:00:00,Clothing,East,10,76.93444278907458,56.0
344,2025-01-15 07:00:00,Sports,West,1,372.5530191757959,27.0
770,2025-02-02 01:00:00,Electronics,South,7,320.02882058681445,29.0
131,2025-01-06 10:00:00,Home & Kitchen,East,14,,55.0
872,2025-02-06 07:00:00,Sports,South,6,38.343780229108695,47.0
88,2025-01-04 15:00:00,Electronics,South,5,170.81444926856267,64.0
331,2025-01-14 18:00:00,Home & Kitchen,West,6,454.52556504585664,50.0
467,2025-01-20 10:00:00,Clothing,South,1,10.766901543821723,45.0
122,2025-01-06 01:00:00,Sports,North,1,234.5115745015674,39.0
300,2025-01-13 11:00:00,Electronics,South,6,,19.0
861,2025-02-05 20:00:00,Electronics,South,2,393.7672225163267,48.0
